Symbol,Name,Last Sale,Net Change,% Change,Market Cap,Country,IPO Year,Volume,Sector,Industry
AAMC,Altisource Asset Management Corp Com,$2.85,0.35,14.00%,7280359.00,United States,,2381,Finance,Real Estate
ACU,Acme United Corporation. Common Stock,$39.53,-0.02,-0.051%,144754116.00,United States,1988,11105,Consumer Discretionary,Industrial Machinery/Components
ADRT,Ault Disruptive Technologies Corporation Common Stock,$16.21,-1.79,-9.944%,233018750.00,,2022,37827,Finance,Blank Checks
AE,Adams Resources & Energy Inc. Common Stock,$27.21,0.21,0.778%,69850900.00,United States,1980,2444,Energy,Oil Refining/Marketing
AEF,abrdn Emerging Markets Equity Income Fund Inc. Common Stock,$5.21,-0.10,-1.883%,559358625.00,United States,,19459,Finance,Finance/Investors Services
AEON,AEON Biopharma Inc. Class A Common Stock,$2.64,0.10,3.937%,103282708.00,United States,,448935,Health Care,Biotechnology: Pharmaceutical Preparations
AIM,AIM ImmunoTech Inc. Common Stock,$0.3523,-0.0274,-7.216%,18066450.00,United States,1997,1098151,Health Care,Biotechnology: Biological Products (No Diagnostic Substances)
AINC,Ashford Inc. (Holding Company) Common Stock,$4.97,-0.01,-0.201%,17049585.00,United States,2014,114812,Consumer Discretionary,Professional Services
AIRI,Air Industries Group Common Stock,$3.54,0.03,0.855%,11769739.00,United States,,7760,Industrials,Military/Government/Technical
AMBI,Ambipar Emergency Response Class A Ordinary Shares,$3.511,0.291,9.037%,194614207.00,,,15026,Industrials,Environmental Services
AMBO,Ambow Education Holding Ltd. American Depository Shares (each representing twenty (20) Class A Ordinary Shares),$1.2801,0.00,0.00%,3656447.00,China,,85,Real Estate,Other Consumer Services
AMS,American Shared Hospital Services Common Stock,$3.28,-0.009,-0.274%,20762400.00,United States,1988,2572,Health Care,Medical Specialities
APT,Alpha Pro Tech Ltd. Common Stock,$5.835,-0.30,-4.89%,68203565.00,Canada,2000,56743,Health Care,Industrial Specialties
AREN,The Arena Group Holdings Inc. Common Stock,$0.9255,0.0105,1.148%,27394739.00,United States,2022,1635,Technology,EDP Services
ARMN,Aris Mining Corporation Common Shares,$4.23,-0.12,-2.759%,715822867.00,,2023,242938,,
ARMP,Armata Pharmaceuticals Inc. Common Stock,$2.93,-0.07,-2.333%,105933028.00,United States,,3319,Health Care,Biotechnology: Biological Products (No Diagnostic Substances)
ASM,Avino Silver & Gold Mines Ltd. Common Shares (Canada),$1.04,0.01,0.971%,138390933.00,Canada,,1240949,Basic Materials,Metal Mining
ASXC,Asensus Surgical Inc. Common Stock,$0.3381,-0.0008,-0.236%,92075339.00,United States,,2606694,Health Care,Medical/Dental Instruments
ATCH,AtlasClear Holdings Inc. Common Stock,$0.4199,-0.1351,-24.342%,5229920.00,,2024,609730,Finance,Finance: Consumer Services
ATEK,Athena Technology Acquisition Corp. II Class A Common Stock,$11.39,0.00,0.00%,0.00,,2022,52,Finance,Blank Checks
ATNM,Actinium Pharmaceuticals Inc. (Delaware) Common Stock,$7.74,-0.26,-3.25%,230523911.00,United States,,467523,Health Care,Biotechnology: Pharmaceutical Preparations
AULT,Ault Alliance Inc. Common Stock,$0.2878,-0.001,-0.346%,8652805.00,United States,1997,1410633,Technology,Industrial Machinery/Components
AULT^D,Ault Alliance Inc. 13.00% Series D Cumulative Redeemable Perpetual Preferred Stock,$26.70,0.00,0.00%,,United States,,2,,
AUMN,Golden Minerals Company Common Stock,$0.4263,-0.0068,-1.57%,6213828.00,United States,,42896,Basic Materials,Precious Metals
AUST,Austin Gold Corp. Common Shares,$1.06,0.02,1.923%,14068055.00,,2022,11744,Basic Materials,Precious Metals
AWX,Avalon Holdings Corporation Common Stock,$2.20,-0.0001,-0.005%,8578748.00,United States,1998,4042,Utilities,Environmental Services
AXIL,AXIL Brands Inc. Common Stock,$6.47,-0.21,-3.144%,38036735.00,,2024,29243,Consumer Discretionary,Package Goods/Cosmetics
AZTR,Azitra Inc Common Stock,$1.17,-3.80,-76.459%,1123381.00,,2023,16026280,Health Care,Biotechnology: Pharmaceutical Preparations
BACA,Berenson Acquisition Corp. I Class A Common Stock,$10.66,0.00,0.00%,0.00,,2021,47,Finance,Blank Checks
BATL,Battalion Oil Corporation Common Stock,$3.46,-0.14,-3.889%,56939708.00,United States,,10433,Energy,Oil & Gas Production
BCV,Bancroft Fund Ltd.,$15.79,-0.46,-2.831%,0.00,United States,1972,15114,Finance,Finance/Investors Services
BCV^A,Bancroft Fund Limited 5.375% Series A Cumulative Preferred Shares,$22.54,0.12,0.535%,,United States,,1167,,
BDL,Flanigan's Enterprises Inc. Common Stock,$27.96,0.00,0.00%,51967770.00,United States,1972,307,Consumer Discretionary,Restaurants
BEEP,Mobile Infrastructure Corporation Common Stock,$3.01,-0.07,-2.273%,0.00,,2023,50998,Finance,Blank Checks
BGI,Birks Group Inc. Common Stock,$2.58,-0.0199,-0.765%,49448200.00,Canada,,2464,Consumer Discretionary,Consumer Specialties
BHB,Bar Harbor Bankshares Inc. Common Stock,$31.80,-0.87,-2.663%,484391115.00,United States,1997,49293,Finance,Major Banks
BHM,Bluerock Homes Trust Inc. Class A Common Stock,$18.385,-0.04,-0.217%,72772187.00,,2022,378,Real Estate,Real Estate Investment Trusts
BKTI,BK Technologies Corporation Common Stock,$12.969,-0.081,-0.621%,45776835.00,United States,,9112,Technology,Radio And Television Broadcasting And Communications Equipment
BMTX,BM Technologies Inc. Common Stock,$2.97,0.04,1.365%,35796103.00,,2018,132362,Finance,Major Banks
BQ,Boqii Holding Limited American Depositary Shares representing Class A Ordinary Shares,$0.3639,0.0139,3.971%,2368318.00,,2020,235184,Consumer Discretionary,Other Specialty Stores
BRBS,Blue Ridge Bankshares Inc. Common Stock,$2.78,0.02,0.725%,63891689.00,United States,,177873,Finance,Major Banks
BRN,Barnwell Industries Inc. Common Stock,$2.34,0.09,4.00%,23465731.00,United States,1965,6392,Energy,Oil & Gas Production
BTG,B2Gold Corp Common shares (Canada),$2.94,-0.03,-1.01%,3841382285.00,Canada,,8338969,Basic Materials,Precious Metals
BTTR,Better Choice Company Inc. Common Stock,$3.30,-0.32,-8.84%,2948887.00,,2021,52594,Consumer Staples,Beverages (Production/Distribution)
CANF,Can-Fite Biopharma Ltd Sponsored ADR (Israel),$3.69,0.08,2.216%,16725999.00,Israel,,155468,Health Care,Biotechnology: Pharmaceutical Preparations
CATX,Perspective Therapeutics Inc. Common Stock,$12.82,-0.13,-1.004%,863791498.00,United States,,639843,Health Care,Medical/Dental Instruments
CCEL,Cryo-Cell International Inc. Common Stock,$7.62,-0.12,-1.55%,61430809.00,United States,2022,3890,Health Care,Misc Health and Biotechnology Services
CEI,Camber Energy Inc. Common Stock,$0.124,-0.0054,-4.173%,21799258.00,United States,,2621596,Energy,Oil & Gas Production
CET,Central Securities Corporation Common Stock,$43.3748,-0.9352,-2.111%,10497794645.00,United States,1951,34511,Finance,Finance/Investors Services
CEV,Eaton Vance California Municipal Income Trust Shares of Beneficial Interest,$10.92,-0.0211,-0.193%,76806639.00,United States,1999,6772,Finance,Finance/Investors Services
CHRO,Chromocell Therapeutics Corporation Common Stock,$1.17,-0.085,-6.773%,6747044.00,,2024,26740,Health Care,Biotechnology: Biological Products (No Diagnostic Substances)
CIK,Credit Suisse Asset Management Income Fund Inc. Common Stock,$2.97,-0.06,-1.98%,0.00,United States,,668392,Finance,Finance/Investors Services
CIX,CompX International Inc. Common Stock,$24.62,0.54,2.243%,303164697.00,United States,1998,7030,Consumer Discretionary,Industrial Machinery/Components
CKX,CKX Lands Inc. Common Stock,$13.20,0.1001,0.764%,26756822.00,United States,2003,11101,Energy,Oil & Gas Production
CLDI,Calidi Biotherapeutics Inc. Common Stock,$1.6717,-0.0283,-1.665%,10730833.00,,2021,347355,Health Care,Biotechnology: Biological Products (No Diagnostic Substances)
CLM,Cornerstone Strategic Value Fund Inc. New Common Stock,$7.70,-0.09,-1.155%,0.00,United States,2003,1496267,Finance,Finance/Investors Services
CMCL,Caledonia Mining Corporation Plc Common Shares,$11.58,-0.12,-1.026%,222197885.00,Canada,,55543,Basic Materials,Precious Metals
CMT,Core Molding Technologies Inc Common Stock,$17.77,-0.25,-1.387%,162500253.00,United States,1996,29995,Industrials,Plastic Products
CNDA,Concord Acquisition Corp II Class A Common Stock,$10.53,0.00,0.00%,0.00,,2021,101,Finance,Blank Checks
CNL,Collective Mining Ltd. Common Shares,$2.63,-0.02,-0.755%,179327794.00,,2024,2284,,
COE,51Talk Online Education Group American depositary shares each representing 60 Class A ordinary shares,$18.20,2.055,12.728%,104134394.00,China,2016,48605,Real Estate,Other Consumer Services
COHN,Cohen & Company Inc.,$9.58,-0.13,-1.339%,18459108.00,United States,,6975,Finance,Investment Bankers/Brokers/Service
CPHI,China Pharma Holdings Inc. Common Stock,$0.2568,-0.0015,-0.581%,4075434.00,China,,60023,Health Care,Biotechnology: Pharmaceutical Preparations
CRF,Cornerstone Total Return Fund Inc. (The) Common Stock,$7.74,-0.08,-1.023%,0.00,United States,2003,512948,Finance,Finance/Investors Services
CTGO,Contango ORE Inc. Common Stock,$22.35,-0.82,-3.539%,215268137.00,United States,2021,50664,Basic Materials,Precious Metals
CTM,Castellum Inc. Common Stock,$0.1503,-0.0154,-9.294%,7970396.00,,2022,1743987,Consumer Discretionary,Professional Services
CVM,Cel-Sci Corporation Common Stock,$1.35,-0.09,-6.25%,73115915.00,United States,1997,129693,Health Care,Biotechnology: Biological Products (No Diagnostic Substances)
CVR,Chicago Rivet & Machine Co. Common Stock,$15.25,0.00,0.00%,14733513.00,United States,1930,2678,Industrials,Industrial Machinery/Components
CVU,CPI Aerostructures Inc. Common Stock,$2.3914,-0.0386,-1.588%,30745213.00,United States,2022,4812,Industrials,Military/Government/Technical
CYBN,Cybin Inc. Common Shares,$0.2845,-0.0109,-3.69%,216132515.00,Canada,,2292273,Health Care,Biotechnology: Pharmaceutical Preparations
DC,Dakota Gold Corp. Common Stock,$2.32,-0.12,-4.918%,203483198.00,United States,2022,162353,Basic Materials,Metal Mining
DDC,DDC Enterprise Limited Class A Ordinary Shares,$0.615,0.01,1.653%,12252687.00,,2023,33954,Consumer Staples,Packaged Foods
DHY,Credit Suisse High Yield Bond Fund Common Stock,$2.04,-0.01,-0.488%,0.00,United States,1998,617238,Finance,Finance/Investors Services
DIT,AMCON Distributing Company Common Stock,$155.99,5.00,3.311%,98330168.00,United States,1999,856,Consumer Discretionary,Food Distributors
DMF,BNY Mellon Municipal Income Inc. Common Stock,$7.165,-0.025,-0.348%,446313969.00,United States,1988,12158,Finance,Finance/Investors Services
DMYY,dMY Squared Technology Group Inc. Class A Common Stock,$10.74,0.02,0.187%,0.00,,2022,320,Finance,Blank Checks
DNN,Denison Mines Corp Ordinary Shares (Canada),$1.90,-0.06,-3.061%,1695290705.00,Canada,,15390718,Basic Materials,Other Metals and Minerals
DSS,DSS Inc. Common Stock,$1.5104,-0.0396,-2.555%,10673652.00,United States,,2320,Consumer Discretionary,Containers/Packaging
DXF,Dunxin Financial Holdings Limited American Depositary Shares,$0.1555,-0.0265,-14.56%,3480833.00,China,,1694576,Finance,Finance: Consumer Services
EAD,Allspring Income Opportunities Fund Common Shares,$6.81,-0.02,-0.293%,0.00,United States,2003,114270,Finance,Finance/Investors Services
ECF,Ellsworth Growth and Income Fund Ltd.,$8.33,-0.16,-1.885%,0.00,United States,1986,50737,Finance,Finance/Investors Services
ECF^A,Ellsworth Growth and Income Fund Ltd. 5.25% Series A Cumulative Preferred Shares (Liquidation Preference $25.00 per share),$21.87,-0.0911,-0.415%,,United States,,215,,
EFSH,1847 Holdings LLC Common Shares,$2.645,0.635,31.592%,1434704.00,,2022,234791,Consumer Discretionary,Professional Services
EIM,Eaton Vance Municipal Bond Fund Common Shares of Beneficial Interest $.01 par value,$10.325,-0.015,-0.145%,0.00,United States,2002,104808,Finance,Finance/Investors Services
ELA,Envela Corporation Common Stock,$4.99,0.07,1.423%,131119371.00,United States,,14764,Consumer Discretionary,Consumer Specialties
ELLO,Ellomay Capital Ltd Ordinary Shares (Israel),$12.00,-0.02,-0.166%,154231020.00,Israel,,1357,Utilities,Electric Utilities: Central
ELMD,Electromed Inc. Common Stock,$14.91,-0.64,-4.116%,129056890.00,United States,2011,29424,Health Care,Biotechnology: Electromedical & Electrotherapeutic Apparatus
EMX,EMX Royalty Corporation Common Shares (Canada),$1.83,-0.005,-0.272%,207747939.00,Canada,,212152,Basic Materials,Metal Mining
ENSV,Enservco Corporation Common Stock,$0.19,-0.0012,-0.628%,5250935.00,United States,,481709,Energy,Oilfield Services/Equipment
ENX,Eaton Vance New York Municipal Bond Fund Common Shares of Beneficial Interest $.01 par value,$9.79,-0.12,-1.211%,0.00,United States,2002,32255,Finance,Finance/Investors Services
EP,Empire Petroleum Corporation Common Stock,$5.35,-0.06,-1.109%,162537847.00,United States,2022,37883,Energy,Oil & Gas Production
EPM,Evolution Petroleum Corporation Inc. Common Stock,$5.61,-0.10,-1.751%,187136316.00,United States,,257162,Energy,Oil & Gas Production
EQX,Equinox Gold Corp. Common Shares,$5.47,-0.06,-1.085%,2343348000.00,Canada,,2132270,Basic Materials,Precious Metals
ERC,Allspring Multi-Sector Income Fund Common Stock,$9.01,-0.05,-0.552%,0.00,United States,2003,77755,Finance,Finance/Investors Services
ERH,Allspring Utilities and High Income Fund Common Shares,$10.0601,0.0701,0.702%,0.00,,2004,6448,Finance,Finance/Investors Services
ESP,Espey Mfg. & Electronics Corp. Common Stock,$21.75,-0.35,-1.584%,59437574.00,United States,1960,9415,Technology,Industrial Machinery/Components
EVBN,Evans Bancorp Inc. Common Stock,$32.95,-0.20,-0.603%,181917247.00,United States,,27522,Finance,Major Banks
EVE,EVe Mobility Acquisition Corp Class A Ordinary Shares,$11.05,-0.02,-0.181%,0.00,,2022,137,Finance,Blank Checks
EVI,EVI Industries Inc.  Common Stock,$20.10,-0.37,-1.808%,254887236.00,United States,1999,20708,Consumer Discretionary,Other Consumer Services
EVM,Eaton Vance California Municipal Bond Fund Common Shares of Beneficial Interest $.01 par value,$9.525,-0.055,-0.574%,0.00,United States,2002,10142,Finance,Finance/Investors Services
EVV,Eaton Vance Limited Duration Income Fund Common Shares of Beneficial Interest,$9.72,-0.08,-0.816%,0.00,United States,2003,419844,Finance,Finance/Investors Services
FAX,abrdn Asia-Pacific Income Fund Inc. Common Stock,$2.76,-0.06,-2.128%,0.00,United States,1986,1420027,Finance,Investment Managers
FCO,abrdn Global Income Fund Inc. Common Stock,$6.142,-0.118,-1.885%,0.00,United States,1992,83172,Finance,Investment Managers
FLYX,flyExclusive Inc. Class A Common Stock,$4.12,0.07,1.728%,320626727.00,,2023,1979,Consumer Discretionary,Transportation Services
FOXO,FOXO Technologies Inc. Class A Common Stock,$0.2248,-0.0068,-2.936%,2535779.00,,2022,154099,Finance,Life Insurance
FRD,Friedman Industries Inc. Common Stock,$17.08,-0.61,-3.448%,119042391.00,United States,1975,7035,Industrials,Steel/Iron Ore
FSI,Flexible Solutions International Inc. Common Stock (CDA),$1.99,0.02,1.015%,24776559.00,Canada,2002,30330,Industrials,Major Chemicals
FSP,Franklin Street Properties Corp. Common Stock,$1.68,-0.06,-3.448%,173762993.00,United States,,721069,Real Estate,Real Estate Investment Trusts
FTF,Franklin Limited Duration Income Trust Common Shares of Beneficial Interest,$6.52,-0.01,-0.153%,263443038.00,United States,2003,127539,Finance,Finance/Investors Services
FURY,Fury Gold Mines Limited Common Shares,$0.408,0.0027,0.666%,59599458.00,,2020,31019,Basic Materials,Precious Metals
GAU,Galiano Gold Inc.,$1.76,-0.02,-1.124%,447265489.00,Canada,,1215464,Industrials,Mining & Quarrying of Nonmetallic Minerals (No Fuels)
GBR,New Concept Energy Inc Common Stock,$1.52,-0.03,-1.935%,7800540.00,United States,1993,4457,Energy,Oil & Gas Production
GENC,Gencor Industries Inc. Common Stock,$21.73,-0.40,-1.808%,318511864.00,United States,,38913,Industrials,Construction/Ag Equipment/Trucks
GGN,GAMCO Global Gold Natural Resources & Income Trust,$4.14,0.025,0.608%,0.00,United States,2005,485317,Finance,Finance/Investors Services
GGN^B,GAMCO Global Gold Natural Reources & Income Trust 5.00% Series B Cumulative 25.00 Liquidation Preference,$20.85,-0.06,-0.287%,,United States,,15456,,
GLDG,GoldMining Inc. Common Shares,$0.8841,-0.0018,-0.203%,166852114.00,,,248971,Basic Materials,Precious Metals
GLO,Clough Global Opportunities Fund Common Stock,$5.27,-0.08,-1.495%,0.00,United States,2006,211881,Finance,Finance/Investors Services
GLQ,Clough Global Equity Fund Clough Global Equity Fund Common Shares of Beneficial Interest,$6.75,-0.20,-2.878%,0.00,United States,2005,106050,Finance,Finance/Investors Services
GLU,Gabelli Global Utility Common Shares of Beneficial Ownership,$14.635,-0.035,-0.239%,87355012.00,United States,2004,13410,Finance,Finance/Investors Services
GLU^A,The Gabelli Global Utility and Income Trust Series A Cumulative Puttable and Callable Preferred Shares,$47.33,0.00,0.00%,,United States,,20,,
GLU^B,The Gabelli Global Utility and Income Trust Series B Cumulative Puttable and Callable Preferred Shares,$50.15,-0.01,-0.02%,,United States,,3673,,
GLV,Clough Global Dividend and Income Fund Common Shares of beneficial interest,$5.64,-0.10,-1.742%,71682048.00,United States,2004,55488,Finance,Finance/Investors Services
GNS,Genius Group Limited Ordinary Shares,$0.2298,-0.0021,-0.906%,16976196.00,Singapore,2022,1237141,Consumer Discretionary,Services-Misc. Amusement & Recreation
GORO,Gold Resource Corporation Common Stock,$0.4503,0.0062,1.396%,40883384.00,United States,,216264,Basic Materials,Precious Metals
GRF,Eagle Capital Growth Fund Inc. Common Stock,$9.36,-0.05,-0.531%,0.00,United States,,7037,Finance,Finance/Investors Services
GRFX,Graphex Group Limited American Depositary Shares each American Depositary Share representing 20 Ordinary Shares,$0.2814,-0.0086,-2.966%,218773558.00,,2022,16493,,
GROY,Gold Royalty Corp. Common Shares,$1.38,-0.03,-2.128%,201348511.00,Canada,2021,725459,Basic Materials,Precious Metals
GSAT,Globalstar Inc. Common Stock,$1.19,-0.07,-5.556%,2261000000.00,United States,2006,3478653,Consumer Discretionary,Telecommunications Equipment
GTE,Gran Tierra Energy Inc. Common Stock,$9.41,-0.21,-2.183%,294835851.00,Canada,,267480,Energy,Oil & Gas Production
HNRA,HNR Acquisition Corp Class A Common Stock,$2.725,-0.075,-2.679%,0.00,,2022,9671,Energy,Oil & Gas Production
HNW,Pioneer Diversified High Income Fund Inc.,$11.79,-0.01,-0.085%,0.00,United States,2007,12544,Finance,Finance/Investors Services
HUSA,Houston American Energy Corporation Common Stock,$1.23,0.03,2.50%,13414814.00,United States,,116324,Energy,Oil & Gas Production
HWM^,Howmet Aerospace Inc. $3.75 Preferred Stock,$56.4459,0.00,0.00%,,United States,,364,,
IAF,abrdn Australia Equity Fund Inc. Common Stock,$4.335,-0.085,-1.923%,0.00,United States,1985,86104,Finance,Finance/Investors Services
IAUX,i-80 Gold Corp. Common Shares,$1.07,-0.03,-2.727%,411839496.00,Canada,2022,3940306,Basic Materials,Precious Metals
IBIO,iBio Inc. Common Stock,$2.15,-0.17,-7.328%,18540903.00,United States,,52580,Health Care,Biotechnology: Pharmaceutical Preparations
IDR,Idaho Strategic Resources Inc. Common Stock,$11.08,-0.12,-1.071%,141163211.00,,2022,66770,Basic Materials,Precious Metals
IE,Ivanhoe Electric Inc. Common Stock,$9.86,-0.37,-3.617%,1186221242.00,Canada,2022,334543,Basic Materials,Metal Mining
IGC,IGC Pharma Inc. Common Stock,$0.468,-0.0064,-1.349%,35397844.00,United States,,138805,Health Care,Biotechnology: Pharmaceutical Preparations
IHT,InnSuites Hospitality Trust Shares of Beneficial Interest,$1.502,0.082,5.775%,13553757.00,United States,1999,1995,Finance,Investment Bankers/Brokers/Service
IMO,Imperial Oil Limited Common Stock,$70.11,0.79,1.14%,37567518258.00,Canada,1929,309761,Energy,Integrated oil Companies
INDO,Indonesia Energy Corporation Limited Ordinary Shares,$2.15,0.01,0.467%,21935792.00,,2019,76915,Energy,Oil & Gas Production
INFU,InfuSystems Holdings Inc. Common Stock,$6.90,-0.05,-0.719%,146937253.00,United States,,76398,Health Care,Medical/Dental Instruments
INLX,Intellinetics Inc. Common Stock,$7.26,-0.11,-1.493%,29864888.00,,2022,618,Technology,Computer Software: Prepackaged Software
INTT,inTest Corporation Common Stock,$10.69,-0.03,-0.28%,133514273.00,United States,1997,82889,Industrials,Electrical Products
INUV,Inuvo Inc.,$0.292,-0.004,-1.351%,40846128.00,United States,,414684,Consumer Discretionary,Advertising
IOR,Income Opportunity Realty Investors Inc. Common Stock,$15.6937,0.00,0.00%,64000572.00,United States,1987,95,Real Estate,Real Estate Investment Trusts
ISDR,Issuer Direct Corporation Common Stock,$8.5059,-0.2341,-2.678%,32470244.00,United States,,5282,Consumer Discretionary,Publishing
ITP,IT Tech Packaging Inc. Common Stock,$0.2488,0.0061,2.513%,2504401.00,China,,54174,Consumer Discretionary,Containers/Packaging
ITRG,Integra Resources Corp. Common Shares,$1.05,0.01,0.962%,92881637.00,,,78521,Basic Materials,Precious Metals
JOB,GEE Group Inc. Common Stock,$0.3055,0.0004,0.131%,33229717.00,United States,1968,164069,Consumer Discretionary,Diversified Commercial Services
JWSM,Jaws Mustang Acquisition Corp. Class A Ordinary Shares,$11.13,0.00,0.00%,0.00,,2021,1125,Finance,Blank Checks
KNW,Know Labs Inc. Common Stock,$0.362,-0.0324,-8.215%,30955404.00,,2022,464222,Industrials,Industrial Machinery/Components
KULR,KULR Technology Group Inc. Common Stock,$0.293,-0.007,-2.333%,53524427.00,United States,,1388455,Technology,Electrical Products
LCTX,Lineage Cell Therapeutics Inc. Common Stock,$1.02,-0.10,-8.929%,192574108.00,United States,,796712,Health Care,Biotechnology: Biological Products (No Diagnostic Substances)
LEGT,Legato Merger Corp. III Ordinary Shares,$10.16,0.00,0.00%,0.00,,2024,15355,,
LEU,Centrus Energy Corp. Class A Common Stock,$42.55,-1.03,-2.363%,680671499.00,United States,2014,146658,Industrials,Mining & Quarrying of Nonmetallic Minerals (No Fuels)
LGL,LGL Group Inc. (The) Common Stock,$5.5642,-0.1258,-2.211%,29784812.00,United States,1946,436,Technology,Industrial Machinery/Components
LODE,Comstock Inc. Common Stock,$0.1554,-0.0076,-4.663%,21483284.00,United States,,3086463,Industrials,Major Chemicals
LPA,Logistic Properties of the Americas Ordinary Shares,$16.06,-0.12,-0.742%,509258537.00,,2024,282508,Finance,Real Estate
LPTV,Loop Media Inc. Common Stock,$0.1432,-0.0089,-5.851%,10192079.00,United States,2022,5032469,Consumer Discretionary,Professional Services
LSF,Laird Superfood Inc. Common Stock,$4.14,0.04,0.976%,39791792.00,,2020,21360,Consumer Staples,Packaged Foods
LXFR,Luxfer Holdings PLC Ordinary Shares,$12.84,0.10,0.785%,344652975.00,United Kingdom,2012,123520,Industrials,Major Chemicals
MAG,MAG Silver Corporation Ordinary Shares,$13.46,0.16,1.203%,1388614212.00,Canada,,930521,Basic Materials,Precious Metals
MAIA,MAIA Biotechnology Inc. Common Stock,$3.53,-0.17,-4.595%,77085136.00,,2022,244889,Health Care,Biotechnology: Pharmaceutical Preparations
MGLD,The Marygold Companies Inc. Common Stock,$1.1301,-0.0698,-5.817%,44507247.00,,2022,607,Finance,Finance: Consumer Services
MHH,Mastech Digital Inc Common Stock,$8.57,-0.16,-1.833%,99705977.00,United States,,3142,Consumer Discretionary,Professional Services
MI,NFT Limited Class A Ordinary Share,$4.51,-0.598,-11.707%,13935936.00,,2023,69923,Consumer Discretionary,Other Specialty Stores
MITQ,Moving iMage Technologies Inc. Common Stock,$0.65,-0.06,-8.451%,6620491.00,United States,2021,110610,Consumer Discretionary,Industrial Machinery/Components
MLSS,Milestone Scientific Inc. Common Stock,$0.96,-0.11,-10.28%,74138605.00,United States,2015,285309,Health Care,Industrial Specialties
MMA,Alta Global Group Limited Ordinary Shares,$2.40,-0.54,-18.367%,24642446.00,,2024,48547,Consumer Discretionary,Other Consumer Services
MPTI,M-tron Industries Inc. Common Stock,$34.126,0.346,1.024%,95504307.00,,2022,26435,Technology,Industrial Machinery/Components
MPU,Mega Matrix Corp. Common Stock,$2.15,-0.06,-2.715%,77353949.00,United States,1998,34076,Consumer Discretionary,Diversified Commercial Services
MRT,Marti Technologies Inc. Class A Ordinary Shares,$1.69,-0.03,-1.744%,96390999.00,,2021,63087,Consumer Discretionary,Rental/Leasing Companies
MSN,Emerson Radio Corporation Common Stock,$0.5378,-0.0076,-1.393%,11316738.00,United States,1994,15018,Consumer Staples,Consumer Electronics/Appliances
MTA,Metalla Royalty & Streaming Ltd. Common Shares,$2.88,-0.15,-4.95%,263494915.00,,,465900,Basic Materials,Precious Metals
MTNB,Matinas Biopharma Holdings Inc. Common Stock,$0.1629,-0.0057,-3.381%,40857953.00,United States,2017,379968,Health Care,Biotechnology: Pharmaceutical Preparations
MWG,Multi Ways Holdings Limited Ordinary Shares,$0.5214,-0.0146,-2.724%,16079976.00,,2023,597548,Consumer Discretionary,Miscellaneous manufacturing industries
MXC,Mexco Energy Corporation Common Stock,$11.2997,0.00,0.00%,23616373.00,United States,2003,80,Energy,Oil & Gas Production
MYND,Mynd.ai Inc. American Depositary Shares,$2.75,-0.05,-1.786%,125531401.00,,2017,16680,Real Estate,Other Consumer Services
MYO,Myomo Inc. Common Stock,$4.85,-0.75,-13.393%,139750989.00,United States,2017,787020,Health Care,Industrial Specialties
NAK,Northern Dynasty Minerals Ltd. Common Stock,$0.3778,-0.0037,-0.97%,203436992.00,Canada,,1090886,Basic Materials,Precious Metals
NBH,Neuberger Berman Municipal Fund Inc. Common Stock,$10.975,-0.055,-0.499%,0.00,United States,2002,55952,Finance,Finance/Investors Services
NBY,NovaBay Pharmaceuticals Inc. Common Stock,$2.16,0.03,1.408%,2487704.00,United States,2007,139624,Health Care,Biotechnology: Pharmaceutical Preparations
NCL,Northann Corp. Common Stock,$0.2603,-0.0097,-3.593%,6049372.00,,2023,95533,Industrials,Plastic Products
NEN,New England Realty Associates Limited Partnership Class A Depositary Receipts Evidencing Units of Limited Partnership,$69.46,0.00,0.00%,8061944.00,United States,,31,Real Estate,Building operators
NEWP,New Pacific Metals Corp. Common Shares,$1.48,-0.06,-3.896%,253471635.00,Canada,2021,279059,Basic Materials,Precious Metals
NFGC,New Found Gold Corp Common Shares,$2.74,-0.03,-1.083%,528560396.00,,2021,524197,Basic Materials,Precious Metals
NG,Novagold Resources Inc.,$4.65,0.06,1.307%,1555102815.00,Canada,2003,2877435,Basic Materials,Precious Metals
NGD,New Gold Inc.,$2.15,-0.05,-2.273%,1474040000.00,Canada,,10129571,Basic Materials,Metal Mining
NHC,National HealthCare Corporation Common Stock,$129.53,-1.72,-1.31%,1994726250.00,United States,1986,71391,Health Care,Hospital/Nursing Management
NHS,Neuberger Berman High Yield Strategies Fund,$7.95,-0.10,-1.242%,0.00,United States,,136277,Finance,Trusts Except Educational Religious and Charitable
NML,Neuberger Berman Energy Infrastructure and Income Fund Inc. Common Stock,$7.98,-0.09,-1.115%,0.00,United States,2013,180673,Finance,Finance/Investors Services
NNVC,NanoViricides Inc. Common Stock,$2.49,0.11,4.622%,29416860.00,United States,,349308,Health Care,Biotechnology: Pharmaceutical Preparations
NRO,Neuberger Berman Real Estate Securities Income Fund Inc.,$3.49,-0.08,-2.241%,0.00,United States,2003,81581,Finance,Finance/Investors Services
NRXS,Neuraxis Inc. Common Stock,$3.23,0.11,3.526%,21472911.00,,2023,3564,Health Care,Biotechnology: Electromedical & Electrotherapeutic Apparatus
NTIP,Network-1 Technologies Inc. Common Stock,$1.59,-0.02,-1.242%,37229012.00,United States,,1898,Miscellaneous,Multi-Sector Companies
OBE,Obsidian Energy Ltd. Common Shares,$7.21,-0.08,-1.097%,552192018.00,Canada,2022,168850,Energy,Oil & Gas Production
OGEN,Oragenics Inc. Common Stock,$1.06,0.01,0.952%,4749535.00,United States,,24119,Health Care,Biotechnology: Pharmaceutical Preparations
OPTT,Ocean Power Technologies Inc. Common Stock,$0.3491,0.0238,7.316%,20758733.00,United States,2007,6713787,Utilities,Electric Utilities: Central
ORLA,Orla Mining Ltd. Common Shares,$3.80,-0.07,-1.809%,1209385906.00,,2020,378320,Basic Materials,Precious Metals
OZ,Belpointe PREP LLC Class A Units,$71.00,4.5025,6.771%,264950984.00,,,9950,Real Estate,Real Estate Investment Trusts
PAPL,Pineapple Financial Inc. Common Stock,$0.8965,0.0465,5.471%,6520617.00,,2023,138670,Finance,Finance: Consumer Services
PCG^A,Pacific Gas & Electric Co. 6% Preferred Stock,$24.00,0.00,0.00%,,United States,,856,,
PCG^B,Pacific Gas & Electric Co. 5 1/2% Preferred Stock,$21.17,-0.08,-0.376%,,United States,,410,,
PCG^C,Pacific Gas & Electric Co. 5% 1st Preferred Stock,$19.1999,0.05,0.261%,,United States,,1961,,
PCG^D,Pacific Gas & Electric Co. 5% 1st  Red. Preferred Stock,$19.3171,0.4171,2.207%,,United States,,7418,,
PCG^E,Pacific Gas & Electric Co. 5% 1st A Preferred Stock,$18.58,0.00,0.00%,,United States,,885,,
PCG^G,Pacific Gas & Electric Co. 4.80% 1st Preferred Stock,$17.8267,0.00,0.00%,,United States,,84,,
PCG^H,Pacific Gas & Electric Co. 4.50% 1st Preferred Stock,$16.93,-0.12,-0.704%,,United States,,1352,,
PCG^I,Pacific Gas & Electric Co. 4.36% 1st Preferred Stock,$16.42,0.00,0.00%,,United States,,51,,
PED,Pedevco Corp. Common Stock,$1.01,-0.01,-0.98%,90248820.00,United States,,32664,Energy,Oil & Gas Production
PHGE,BiomX Inc. COmmon Stock,$0.2295,-0.0005,-0.217%,16020578.00,,2019,439088,Health Care,Biotechnology: Biological Products (No Diagnostic Substances)
PLAG,Planet Green Holdings Corp. Common Stock,$1.97,0.04,2.073%,14200140.00,China,,55815,Consumer Staples,Packaged Foods
PLG,Platinum Group Metals Ltd. Ordinary Shares (Canada),$1.77,0.03,1.724%,181389862.00,Canada,,693781,Basic Materials,Precious Metals
PLX,Protalix BioTherapeutics Inc. (DE) Common Stock,$1.16,0.01,0.87%,85046657.00,Israel,,133381,Health Care,Biotechnology: Biological Products (No Diagnostic Substances)
PMNT,Perfect Moment Ltd. Common Stock,$1.95,0.10,5.405%,30524226.00,United Kingdom,2024,33195,,
PRK,Park National Corporation Common Stock,$183.96,0.09,0.049%,2970866251.00,United States,1994,135295,Finance,Major Banks
PTN,Palatin Technologies Inc. Common Stock,$1.65,-0.04,-2.367%,26625456.00,United States,1999,85825,Health Care,Biotechnology: Pharmaceutical Preparations
PW,Power REIT (MD) Common Stock,$1.22,-0.10,-7.576%,4135386.00,United States,1998,117795,Real Estate,Real Estate Investment Trusts
PW^A,Power REIT 7.75% Series A Cumulative Perpetual Preferred Stock,$4.08,-0.12,-2.857%,,United States,,3228,,
PZG,Paramount Gold Nevada Corp. Common Stock,$0.44,0.007,1.617%,27996501.00,United States,2015,99553,Basic Materials,Metal Mining
RCG,RENN Fund Inc Common Stock,$1.79,-0.01,-0.556%,0.00,United States,,16157,Finance,Investment Managers
REI,Ring Energy Inc. Common Stock,$1.88,-0.02,-1.053%,372122406.00,United States,,1099718,Energy,Oil & Gas Production
REPX,Riley Exploration Permian Inc. Common Stock,$28.75,-0.64,-2.178%,619384193.00,United States,1999,127020,Energy,Oil & Gas Production
RHE,Regional Health Properties Inc. Common Stock,$2.08,0.03,1.463%,3825178.00,,2017,8961,Real Estate,Real Estate
RHE^A,Regional Health Properties Inc. 10.875% Series A Cumulative Redeemable Preferred Stock,$0.45,0.0017,0.379%,,,,200,,
RLGT,Radiant Logistics Inc. Common Stock,$5.92,-0.08,-1.333%,278252675.00,United States,,67243,Consumer Discretionary,Oil Refining/Marketing
RVP,Retractable Technologies Inc. Common Stock,$1.09,-0.02,-1.802%,32631503.00,United States,2001,52957,Health Care,Medical/Dental Instruments
RYDE,Ryde Group Ltd. Class A Ordinary Shares,$6.86,0.18,2.695%,132962379.00,,2024,785052,Consumer Discretionary,Business Services
SACC,Sachem Capital Corp. 6.875% Notes due 2024,$24.86,-0.001,-0.004%,1179508828.00,United States,2019,1931,Real Estate,Real Estate Investment Trusts
SACH,Sachem Capital Corp. Common Shares,$2.65,-0.04,-1.487%,125732035.00,United States,2017,378019,Real Estate,Real Estate Investment Trusts
SACH^A,Sachem Capital Corp. 7.75% Series A Cumulative Redeemable Preferred Stock,$21.465,0.215,1.012%,,United States,,2573,,
SATX,SatixFy Communications Ltd. Ordinary Share,$0.7089,-0.0011,-0.155%,58919651.00,,2022,42936,Technology,Radio And Television Broadcasting And Communications Equipment
SBEV,Splash Beverage Group Inc. (NV) Common Stock,$0.361,0.002,0.557%,17203848.00,,2021,504310,Consumer Staples,Beverages (Production/Distribution)
SCCC,Sachem Capital Corp. 7.75% Notes due 2025,$24.98,0.06,0.241%,1185202354.00,United States,2020,1502,Real Estate,Real Estate Investment Trusts
SCCD,Sachem Capital Corp. 6.00% Notes due 2026,$22.00,-0.04,-0.181%,1043813122.00,United States,,1778,Real Estate,Real Estate Investment Trusts
SCCE,Sachem Capital Corp. 6.00% Notes due 2027,$21.90,0.02,0.091%,1039068517.00,United States,2022,3681,Real Estate,Real Estate Investment Trusts
SCCF,Sachem Capital Corp. 7.125% Notes due 2027,$22.10,-0.1601,-0.719%,1048557727.00,United States,2022,6508,Real Estate,Real Estate Investment Trusts
SCCG,Sachem Capital Corp. 8.00% Notes due 2027,$22.69,-0.04,-0.176%,1076550897.00,United States,2022,13605,Real Estate,Real Estate Investment Trusts
SDPI,Superior Drilling Products Inc. Common Stock,$1.25,-0.005,-0.398%,37989055.00,,2014,26247,Industrials,Metal Fabrications
SEB,Seaboard Corporation Common Stock,$3126.98,-15.94,-0.507%,3036469564.00,United States,1996,1339,Industrials,Farming/Seeds/Milling
SENS,Senseonics Holdings Inc. Common Stock,$0.4608,-0.0147,-3.091%,244632463.00,United States,,1018808,Industrials,Industrial Machinery/Components
SER,Serina Therapeutics Inc. Common Stock,$9.15,-0.34,-3.583%,76987084.00,,2018,6999,Health Care,Biotechnology: Pharmaceutical Preparations
SGE,Strong Global Entertainment Inc. Class A Common Voting Shares,$1.56,0.07,4.698%,12289434.00,,2023,68519,Consumer Discretionary,Industrial Machinery/Components
SGN,Signing Day Sports Inc. Common Stock,$0.1925,-0.0276,-12.54%,2960968.00,,2023,293588,Technology,EDP Services
SIF,SIFCO Industries Inc. Common Stock,$3.43,0.08,2.388%,21230726.00,United States,1969,6920,Industrials,Aerospace
SILV,SilverCrest Metals Inc. Common Shares,$9.34,-0.09,-0.954%,1375413742.00,Canada,2018,802265,Basic Materials,Precious Metals
SIM,Grupo Simec S.A.B. de C.V. American Depositary Shares,$29.21,0.00,0.00%,4499663096.00,Mexico,1998,569,Industrials,Steel/Iron Ore
SKYH,Sky Harbour Group Corporation Class A Common Stock,$9.63,-0.49,-4.842%,642179478.00,United States,2022,26284,Finance,Real Estate
SLI,Standard Lithium Ltd. Common Shares,$1.37,-0.06,-4.196%,251347401.00,Canada,2021,1061394,Industrials,Major Chemicals
SLND,Southland Holdings Inc. Common Stock,$3.98,-0.07,-1.728%,191142238.00,United States,,30995,Industrials,Military/Government/Technical
SLSR,Solaris Resources Inc. Common Shares,$2.46,-0.09,-3.529%,371043372.00,,2024,27683,,
SOAR,Volato Group Inc. Class A Common Stock,$0.59,0.0005,0.085%,17262271.00,,2022,3862111,Consumer Discretionary,Transportation Services
SSY,SunLink Health Systems Inc. Common Stock,$0.7862,-0.0809,-9.33%,5535322.00,United States,1996,2050,Health Care,Hospital/Nursing Management
STRW,Strawberry Fields REIT Inc. Common Stock,$10.43,0.12,1.164%,67128815.00,,2023,16463,Real Estate,Real Estate Investment Trusts
STXS,Stereotaxis Inc. Common Stock,$1.99,-0.07,-3.398%,164460054.00,United States,,147023,Health Care,Biotechnology: Electromedical & Electrotherapeutic Apparatus
SVM,Silvercorp Metals Inc. Common Shares,$3.72,-0.01,-0.268%,660740292.00,Canada,,1204920,Basic Materials,Precious Metals
SVT,Servotronics Inc. Common Stock,$11.07,-0.0093,-0.084%,28213810.00,United States,1970,2556,Consumer Discretionary,Industrial Machinery/Components
SYNX,Silynxcom Ltd. Ordinary Shares,$3.55,0.41,13.057%,18637500.00,,2024,497157,Consumer Staples,Consumer Electronics/Appliances
TELL,Tellurian Inc. Common Stock,$0.95,0.008,0.849%,794415393.00,United States,,107961041,Energy,Oil & Gas Production
TELZ,Tellurian Inc. 8.25% Senior Notes due 2028,$23.70,-0.50,-2.066%,19818573477.00,United States,,63892,Energy,Oil & Gas Production
TGB,Taseko Mines Ltd. Common Stock,$2.09,-0.14,-6.278%,609231370.00,Canada,,3177032,Basic Materials,Precious Metals
THM,International Tower Hill Mines Ltd. Ordinary Shares (Canada),$0.4588,0.0038,0.835%,91619351.00,Canada,,76784,Basic Materials,Metal Mining
TMP,Tompkins Financial Corporation Common Stock,$60.72,0.32,0.53%,874640390.00,United States,1997,114619,Finance,Major Banks
TMQ,Trilogy Metals Inc. Common Stock,$0.643,0.006,0.942%,103235456.00,Canada,,989481,Basic Materials,Precious Metals
TOON,Kartoon Studios Inc. Common Stock,$0.946,-0.004,-0.421%,37260575.00,United States,,161614,Consumer Discretionary,Movies/Entertainment
TOPS,TOP Ships Inc. Common Stock,$9.898,-0.4611,-4.451%,45790098.00,Greece,,4743,Consumer Discretionary,Marine Transportation
TOVX,Theriva Biologics Inc. Common Stock,$0.2898,0.0128,4.621%,5006982.00,United States,,148500,Health Care,Biotechnology: Pharmaceutical Preparations
TPET,Trio Petroleum Corp. Common Stock,$0.2443,-0.01,-3.932%,12295211.00,,2023,1069588,Energy,Oil & Gas Production
TPHS,Trinity Place Holdings Inc. Common Stock,$0.1121,-0.0022,-1.925%,7179610.00,,,476785,Real Estate,Building operators
TRT,Trio-Tech International Common Stock,$6.01,-0.0079,-0.131%,25544333.00,United States,1998,1450,Technology,Industrial Machinery/Components
TRX,TRX Gold Corporation Common Stock,$0.4167,-0.0016,-0.383%,116498247.00,Canada,,89561,Basic Materials,Precious Metals
UAMY,United States Antimony Corporation Common Stock,$0.3604,0.0042,1.179%,39081410.00,United States,,191286,Industrials,Metal Fabrications
UAVS,AgEagle Aerial Systems Inc. Common Stock,$0.441,-0.0114,-2.52%,5266169.00,United States,,473367,Industrials,Aerospace
UEC,Uranium Energy Corp. Common Stock,$5.63,-0.21,-3.596%,2301422116.00,Canada,,5373243,Basic Materials,Other Metals and Minerals
UMAC,Unusual Machines Inc. Common Stock,$1.67,-0.06,-3.468%,15586679.00,,2024,64642,Technology,Radio And Television Broadcasting And Communications Equipment
URG,Ur Energy Inc Common Shares (Canada),$1.32,-0.06,-4.348%,371746748.00,Canada,,2616792,Basic Materials,Precious Metals
USAS,Americas Gold and Silver Corporation Common Shares no par value,$0.2522,0.0022,0.88%,63307226.00,Canada,2017,315389,Basic Materials,Metal Mining
UTG,Reaves Utility Income Fund Common Shares of Beneficial Interest,$28.14,-0.16,-0.565%,0.00,United States,2004,283327,Finance,Investment Managers
UUU,Universal Security Instruments Inc. Common Stock,$1.55,0.03,1.974%,3584975.00,United States,2003,196041,Technology,Electronic Components
UUUU,Energy Fuels Inc Ordinary Shares (Canada),$5.53,-0.21,-3.659%,904994990.00,Canada,,1392732,Industrials,Mining & Quarrying of Nonmetallic Minerals (No Fuels)
VFL,abrdn National Municipal Income Fund Common Stock,$10.515,-0.065,-0.614%,0.00,United States,1993,27085,Finance,Finance/Investors Services
VGZ,Vista Gold Corp Common Stock,$0.5532,0.0022,0.399%,67354338.00,United States,1986,659958,Basic Materials,Precious Metals
VINE,Fresh Vine Wine Inc. Common Stock,$0.5201,0.0102,2.00%,8309236.00,,2021,958690,Consumer Staples,Beverages (Production/Distribution)
VKI,Invesco Advantage Municipal Income Trust II Common Shares of Beneficial Interest (DE),$8.77,-0.12,-1.35%,389440795.00,United States,1993,110648,Finance,Finance Companies
VNRX,VolitionRX Limited Common Stock,$0.7445,0.0275,3.835%,61655858.00,Singapore,2015,84744,Health Care,Biotechnology: In Vitro & In Vivo Diagnostic Substances
VTAK,Catheter Precision Inc. Common Stock,$1.8181,-0.4319,-19.196%,1638564.00,,2018,153501,Health Care,Medical/Dental Instruments
VZLA,Vizsla Silver Corp. Common Shares,$1.99,0.09,4.737%,467842542.00,Canada,2024,1591974,Basic Materials,Precious Metals
WRN,Western Copper and Gold Corporation Common Stock,$1.08,-0.02,-1.818%,211906389.00,Canada,2011,118356,Basic Materials,Metal Mining
WWR,Westwater Resources Inc. Common Stock,$0.5202,-0.0118,-2.218%,29748618.00,United States,,44168,Basic Materials,Metal Mining
WYY,WidePoint Corporation Common Stock,$3.84,-0.22,-5.419%,35757162.00,United States,,76002,Technology,EDP Services
XPL,Solitario Resources Corp. Common Stock,$0.82,-0.041,-4.762%,66655887.00,United States,,58612,Basic Materials,Precious Metals
XTNT,Xtant Medical Holdings Inc. Common Stock,$0.7251,-0.0209,-2.802%,94420014.00,United States,,30852,Health Care,Biotechnology: Biological Products (No Diagnostic Substances)
YCBD,cbdMD Inc. Common Stock,$0.629,0.019,3.115%,2433653.00,United States,2017,40553,Consumer Discretionary,Package Goods/Cosmetics
YCBD^A,cbdMD Inc. 8.0% Series A Cumulative Convertible Preferred Stock,$0.46,0.00,0.00%,,United States,,103,,
ZDGE,Zedge Inc. Class B Common Stock ,$3.60,-0.07,-1.907%,52095020.00,,2016,17459,Technology,Computer Software: Prepackaged Software
ZOM,Zomedica Corp. Common Shares,$0.1495,-0.0005,-0.333%,146502475.00,United States,2017,2492712,Health Care,Pharmaceuticals and Biotechnology
ZONE,CleanCore Solutions Inc. Class B Common Stock,$2.03,-0.0676,-3.223%,16150516.00,,2024,9147,Industrials,Industrial Machinery/Components
